{
    "SiteUrl": "https://www.leijing1.com",
    "Domains": [
        "https://www.leijing2.com//"
    ],
    "Classes": [
        {
            "type_name": "电影",
            "type_id": "42204681950354"
        },
        {
            "type_name": "剧集",
            "type_id": "42204684250355"
        },
        {
            "type_name": "影视原盘",
            "type_id": "42212287587456"
        },
        {
            "type_name": "综艺",
            "type_id": "42210356650363"
        },
        {
            "type_name": "动漫",
            "type_id": "42204792950357"
        },
        {
            "type_name": "纪录片",
            "type_id": "42204697150356"
        },
        {
            "type_name": "演唱会",
            "type_id": "42317879720298"
        }
    ]
}