{
    "spider": "./jar/柒豪.jar",
    "logo": "https://gitee.com/qihaoyyds/qihao/raw/master/图片/柒豪.jpg",
    "sites": [
        {
            "key": "豆瓣",
            "name": "本源由「柒豪」维护",
            "type": 3,
            "api": "csp_Douban",
            "searchable": 0
        },
        {
            "key": "公告",
            "name": "Q群 | 511873584",
            "type": 3,
            "api": "csp_DouBan",
            "searchable": 0
        },
        {
            "key": "配置中心",
            "name": "配置中心",
            "type": 3,
            "api": "csp_Config",
            "searchable": 0,
            "changeable": 0,
            "indexs": 0,
            "style": {
                "type": "rect",
                "ratio": 1.618
            }
        },
        {
            "key": "版本信息",
            "name": "版本｜信息",
            "type": 3,
            "api": "csp_Market",
            "searchable": 0,
            "changeable": 0,
            "indexs": 0,
            "ext": "https://gitee.com/qihaoyyds/qihao/raw/master/版本.json"
        },
        {
            "key": "玩偶",
            "name": "玩偶｜4K",
            "type": 3,
            "api": "csp_PanWebShare",
            "searchable": 1,
            "quickSearch": 1,
            "filterable": 1,
            "changeable": 0,
            "ext": "./json/玩偶.json"
        },
        {
            "key": "木偶",
            "name": "木偶｜4K",
            "type": 3,
            "api": "csp_PanWebShare",
            "searchable": 1,
            "quickSearch": 1,
            "filterable": 1,
            "changeable": 0,
            "ext": "./json/木偶.json"
        },
        {
            "key": "多多",
            "name": "多多 | 4K",
            "type": 3,
            "api": "csp_PanWebShare",
            "searchable": 1,
            "quickSearch": 1,
            "filterable": 1,
            "changeable": 0,
            "ext": "./json/多多.json"
        },
        {
            "key": "蜡笔",
            "name": "蜡笔｜4K",
            "type": 3,
            "api": "csp_PanWebShare",
            "searchable": 1,
            "quickSearch": 1,
            "filterable": 1,
            "changeable": 0,
            "ext": "./json/蜡笔.json"
        },
        {
            "key": "闪电",
            "name": "闪电｜4K",
            "type": 3,
            "api": "csp_PanWebShare",
            "searchable": 1,
            "quickSearch": 1,
            "filterable": 1,
            "changeable": 0,
            "ext": "./json/闪电.json"
        },
        {
            "key": "至臻",
            "name": "至臻｜4K",
            "type": 3,
            "api": "csp_PanWebShare",
            "searchable": 1,
            "quickSearch": 1,
            "filterable": 1,
            "changeable": 0,
            "ext": "./json/至臻.json"
        },
        {
            "key": "欧歌",
            "name": "欧歌｜4K",
            "type": 3,
            "api": "csp_PanWebShare",
            "searchable": 1,
            "quickSearch": 1,
            "filterable": 1,
            "changeable": 0,
            "ext": "./json/欧歌.json"
        },
        {
            "key": "下饭",
            "name": "下饭｜4K",
            "type": 3,
            "api": "csp_PanWebShare",
            "searchable": 1,
            "quickSearch": 1,
            "filterable": 1,
            "changeable": 0,
            "ext": "./json/下饭.json"
        },
        {
            "key": "虎斑",
            "name": "虎斑｜4K",
            "type": 3,
            "api": "csp_PanWebShare",
            "searchable": 1,
            "quickSearch": 1,
            "filterable": 1,
            "changeable": 0,
            "ext": "./json/虎斑.json"
        },
        {
            "key": "二小",
            "name": "二小 | 4K",
            "type": 3,
            "api": "csp_PanWebShare",
            "searchable": 1,
            "quickSearch": 1,
            "filterable": 1,
            "changeable": 0,
            "ext": "./json/二小.json"
        },
        {
            "key": "百家",
            "name": "百家｜4K",
            "type": 3,
            "api": "csp_PanWebShare",
            "searchable": 1,
            "quickSearch": 1,
            "filterable": 1,
            "changeable": 0,
            "ext": "./json/百家.json"
        },
        {
            "key": "大玩",
            "name": "大玩｜4K",
            "type": 3,
            "api": "csp_PanWebShare",
            "searchable": 1,
            "quickSearch": 1,
            "filterable": 1,
            "changeable": 0,
            "ext": "./json/大玩.json"
        },
        {
            "key": "聚搜",
            "name": "聚搜｜4K",
            "type": 3,
            "api": "csp_PanWebSearch",
            "searchable": 1,
            "quickSearch": 1,
            "filterable": 1,
            "changeable": 0,
            "style": {
                "type": "list",
                "ratio": 1.433
            },
            "ext": "./json/聚搜.json"
        },
        {
            "key": "雷鲸",
            "name": "雷鲸｜4K",
            "type": 3,
            "api": "csp_PanWebShareCloudLJ",
            "searchable": 1,
            "quickSearch": 1,
            "filterable": 1,
            "changeable": 0,
            "style": {
                "type": "rect",
                "ratio": 1.433
            },
            "ext": "./json/雷鲸.json"
        },
        {
            "key": "海绵",
            "name": "海绵｜4K",
            "type": 3,
            "api": "csp_PanWebShareCloudHM",
            "searchable": 1,
            "quickSearch": 1,
            "filterable": 1,
            "changeable": 0,
            "style": {
                "type": "list",
                "ratio": 1.433
            },
            "ext": "./json/海绵.json"
        },
        {
            "key": "123",
            "name": "123｜4K",
            "type": 3,
            "api": "csp_PanWebShareCloud123",
            "searchable": 1,
            "quickSearch": 1,
            "filterable": 1,
            "changeable": 0,
            "style": {
                "type": "list",
                "ratio": 1.433
            },
            "ext": "./json/123.json"
        },
        {
            "key": "盘库",
            "name": "盘库｜4K",
            "type": 3,
            "api": "csp_PanWebKuBa",
            "searchable": 1,
            "filterable": 0,
            "changeable": 0,
            "ext": {
                "url": "https://panku8.com,https://yipanso.com"
            }
        },
        {
            "key": "趣盘",
            "name": "趣盘｜4K",
            "type": 3,
            "api": "csp_PanWebQu",
            "searchable": 1,
            "quickSearch": 1,
            "filterable": 1,
            "style": {
                "type": "list",
                "ratio": 1.433
            },
            "ext": {
                "url": "https://www.qupanshe.com"
            }
        },
        {
            "key": "夸父",
            "name": "夸父｜4K",
            "type": 3,
            "api": "csp_PanWebShareCloudKF",
            "searchable": 1,
            "quickSearch": 1,
            "filterable": 1,
            "changeable": 1,
            "style": {
                "type": "list",
                "ratio": 1.433
            },
            "ext": "./json/夸父.json"
        },
        {
            "key": "双子",
            "name": "子星 | 4K",
            "type": 3,
            "api": "./js/drpy2.min.js",
            "searchable": 1,
            "quickSearch": 1,
            "filterable": 1,
            "order_num": 0,
            "ext": "./js/子星.js"
        },
        {
            "key": "双星",
            "name": "双星｜4K",
            "type": 3,
            "api": "./js/cloud.min.js",
            "ext": "./js/双星.js",
            "style": {
                "type": "list"
            }
        },
        {
            "key": "阿里云盘",
            "name": "我的 | 阿里",
            "type": 3,
            "api": "csp_PanAli",
            "searchable": 0,
            "filterable": 0,
            "changeable": 0,
            "style": {
                "type": "list",
                "ratio": 1.433
            },
            "ext": "./json/阿里.json"
        },
        {
            "key": "夸克云盘",
            "name": "我的 | 夸克",
            "type": 3,
            "api": "csp_PanQuark",
            "searchable": 0,
            "filterable": 0,
            "changeable": 0,
            "style": {
                "type": "list",
                "ratio": 1.433
            },
            "ext": "./json/夸克.json"
        },
        {
            "key": "UC",
            "name": "我的 | UC",
            "type": 3,
            "api": "csp_PanUc",
            "searchable": 0,
            "filterable": 0,
            "changeable": 0,
            "style": {
                "type": "list",
                "ratio": 1.433
            },
            "ext": "./json/UC.json"
        },
        {
            "key": "百度云盘",
            "name": "我的 | 百度",
            "type": 3,
            "api": "csp_PanBaiDu",
            "searchable": 0,
            "filterable": 0,
            "changeable": 0,
            "style": {
                "type": "list",
                "ratio": 1.433
            }
        },
        {
            "key": "本地",
            "name": "我的 | 本地",
            "type": 3,
            "api": "csp_LocalFile"
        },
        {
            "key": "push_agent",
            "name": "手机｜电视 | 推送",
            "type": 3,
            "api": "csp_Push",
            "searchable": 0,
            "filterable": 0,
            "changeable": 0
        }
    ],
    "parses": [
        {
            "name": "柒豪4K",
            "type": 1,
            "url": "",
            "ext": {
                "flag": [
                    "qq",
                    "腾讯",
                    "qiyi",
                    "爱奇艺",
                    "奇艺",
                    "youku",
                    "优酷",
                    "sohu",
                    "搜狐",
                    "letv",
                    "乐视",
                    "mgtv",
                    "芒果",
                    "tnmb",
                    "seven",
                    "bilibili",
                    "1905"
                ],
                "header": {
                    "User-Agent": "okhttp/4.9.1"
                }
            }
        }
    ]
}