[
    {
        "name": "本地包",
        "list": [
            {
                "name": "当前版本",
                "url": "",
                "icon": "http://127.0.0.1:9978/file/柒豪/.版本.png",
                "version": ""
            },
            {
                "name": "点击下载",
                "url": "https://gitee.com/qihaoyyds/qihao/raw/master/柒豪.zip",
                "icon": "https://gitee.com/qihaoyyds/qihao/raw/master/图片/柒豪4K.png",
                "version": "05.08"
            }
        ]
    }
]