[
    {
        "name": "肥羊直播",
        "list": [
            {
                "name": "肥羊直播",
                "url": "http://38.165.20.168/32/allinone.zip",
                "icon": "http://38.165.20.168/图片/肥羊.png",
                "version": "32位"
            },
            {
                "name": "肥羊直播",
                "url": "http://38.165.20.168/64/allinone.zip",
                "icon": "http://38.165.20.168/图片/肥羊.png",
                "version": "64位"
            }
        ]
    }
]